 ,Label,Area,Mean,Min,Max,X,Y,Feret,%Area,FeretX,FeretY,FeretAngle,MinFeret,r,d
1,15-1.jpg,12.721,117.544,80,126,2.456,1.711,7.001,100,4,31,30.579,3.865,2.012136948,4.024273897
2,15-1.jpg,57.922,119.616,101,126,21.234,6.185,16.35,100,131,105,58.707,11.016,4.293571349,8.587142699
3,15-1.jpg,7.28,120.536,106,126,65.438,0.972,6.581,100,453,6,2.386,1.748,1.522168041,3.044336081
4,15-1.jpg,12.271,120.006,108,126,73.006,1.916,6.461,100,513,28,32.005,3.185,1.976227269,3.952454539
5,15-1.jpg,29.721,115.855,93,126,85,1.85,12.629,100,581,9,3.731,3.561,3.075591263,6.151182526
6,15-1.jpg,57.622,120.958,107,126,97.423,4.354,20.329,100,644,81,20.511,8.601,4.282437898,8.564875795
7,15-1.jpg,65.559,121.947,101,126,114.624,8.396,22.221,100,787,3,108.323,11.069,4.567862999,9.135725997
8,15-1.jpg,67.247,112.502,84,126,128.986,3.402,15.397,100,904,49,23.6,7.671,4.626295473,9.252590946
9,15-1.jpg,17.619,108.443,74,126,186.5,1.078,12.605,100,1312,4,178.755,2.329,2.36803184,4.736063679
10,15-1.jpg,22.61,120.718,108,126,10.578,2.625,9.563,100,46,48,38.019,6.279,2.68254608,5.365092159
11,15-1.jpg,3.152,124.042,120,126,43.567,0.835,4.539,100,302,7,5.194,0.959,1.001590079,2.003180158
12,15-1.jpg,30.565,122.235,115,126,51.267,2.688,10.72,100,335,20,10.305,7.26,3.118955006,6.237910012
13,15-1.jpg,131.549,121.566,103,126,69.752,18.047,40.219,100,419,4,129.056,12.036,6.470542367,12.94108473
14,15-1.jpg,57.547,120.508,107,126,144.368,4.576,14.143,100,1002,48,8.915,7.123,4.279650009,8.559300018
15,15-1.jpg,4.878,122.738,117,126,150.792,1.285,3.619,100,1092,17,29.476,2.192,1.245999327,2.491998653
16,15-1.jpg,27.788,109.985,77,126,156.52,3.397,7.979,100,1120,39,34.509,5.303,2.97389448,5.94778896
17,15-1.jpg,14.992,122.561,114,126,165.005,2.035,6.991,100,1173,5,177.754,4.931,2.18437248,4.36874496
18,15-1.jpg,21.596,122.94,113,126,173.341,2.177,9.336,100,1234,4,165.556,5.479,2.621703471,5.243406942
19,15-1.jpg,123.743,115.446,87,126,38.593,7.23,24.39,100,197,33,160.649,10.64,6.275628549,12.5512571
20,15-1.jpg,2.402,124.82,123,126,76.641,3.816,2.794,100,557,18,101.31,1.171,0.874346168,1.748692337
21,15-1.jpg,2.946,123.255,118,126,56.816,4.621,2.166,100,408,29,145.305,1.918,0.968307467,1.936614934
22,15-1.jpg,2.12,124.575,122,126,5.121,4.943,2.23,100,36,28,100.62,1.37,0.821419181,1.642838363
23,15-1.jpg,9.851,122.185,115,126,67.806,5.814,5.542,100,486,60,50.013,2.518,1.770667717,3.541335433
24,15-1.jpg,1.257,124.09,121,126,190.373,4.714,1.41,100,1386,38,29.055,1.233,0.632505853,1.265011705
25,15-1.jpg,5.854,120.907,111,126,1.253,6.703,4.403,100,4,67,84.644,2.603,1.36497051,2.729941021
26,15-1.jpg,2.552,125.537,124,126,182.261,6.318,2.5,100,1330,36,99.462,1.644,0.90123333,1.80246666
27,15-1.jpg,72.989,115.092,88,126,75.926,11.26,18.728,100,507,75,174.123,9.336,4.819762257,9.639524513
28,15-1.jpg,6.68,124.874,122,126,100.774,6.547,5.904,100,715,46,176.009,1.732,1.458092718,2.916185435
29,15-1.jpg,6.755,122.592,117,126,162.513,7.825,4.22,100,1182,72,76.866,2.055,1.466255271,2.932510542
30,15-1.jpg,15.517,123.404,117,126,167.29,8.668,7.233,100,1199,79,24.624,3.917,2.222290295,4.444580591
31,15-1.jpg,22.891,124.739,121,126,13.661,10.579,9.566,100,64,92,29.134,5.804,2.699164121,5.398328242
32,15-1.jpg,17.9,123.623,117,126,108.646,9.453,6.871,100,769,60,175.426,5.791,2.386840647,4.773681294
33,15-1.jpg,2.045,125.45,124,126,184.265,8.336,2.166,100,1338,58,161.565,1.37,0.80675853,1.613517059
34,15-1.jpg,11.127,121.992,115,126,56.263,11.097,4.986,100,391,74,142.815,3.546,1.881854118,3.763708235
35,15-1.jpg,13.922,121.597,110,126,189.558,12.661,6.871,100,1372,113,66.501,3.754,2.104978791,4.209957582
36,15-1.jpg,1.914,124.127,121,126,5.197,10.248,1.828,100,36,68,102.995,1.507,0.780490958,1.560981917
37,15-1.jpg,33.023,122.323,109,126,154.259,11.686,12.506,100,1095,119,28.811,6.219,3.241941486,6.483882971
38,15-1.jpg,11.108,122.856,115,126,122.766,11.565,5.863,100,879,71,142.595,2.978,1.880246744,3.760493487
39,15-1.jpg,75.184,113.534,77,126,176.937,14.329,16.637,100,1233,103,162.759,9.288,4.891697847,9.783395695
40,15-1.jpg,1.126,125.533,124,126,186.348,10.207,1.531,100,1356,72,153.435,1.096,0.598640514,1.197281027
41,15-1.jpg,114.474,111.326,57,126,136.618,16.315,18.894,100,928,118,6.661,12.96,6.036015396,12.07203079
42,15-1.jpg,212.268,116.487,83,126,97.399,21.713,24.028,100,625,145,170.484,20.648,8.219382164,16.43876433
43,15-1.jpg,14.11,122.868,114,126,162.493,15.03,8.784,100,1184,147,86.424,2.975,2.119143745,4.238287489
44,15-1.jpg,1.52,125.358,124,126,28.623,12.792,2.055,100,203,89,126.87,1.249,0.695534543,1.391069086
45,15-1.jpg,42.236,113.566,89,126,3.99,17.189,10.505,100,6,93,129.71,6.677,3.666386965,7.332773931
46,15-1.jpg,3.321,124.701,122,126,84.132,15.648,3.492,100,601,119,41.82,1.995,1.028090503,2.056181006
47,15-1.jpg,57.003,118.288,98,126,49.491,18.791,18.774,100,287,147,7.125,5.871,4.259373906,8.518747812
48,15-1.jpg,25.874,122.007,112,126,122.43,18.778,9.408,100,879,109,132.049,7.061,2.869648452,5.739296905
49,15-1.jpg,6.023,123.29,117,126,12.88,17.592,4.812,100,93,144,85.101,2.188,1.384533095,2.76906619
50,15-1.jpg,211.592,117.034,81,126,25.004,24.509,27.32,100,96,216,21.161,15.682,8.206283786,16.41256757
51,15-1.jpg,122.449,114.043,73,126,176.708,27.178,21.024,100,1225,133,133.68,15.208,6.242729699,12.4854594
52,15-1.jpg,83.121,113.571,61,126,155.572,27.63,17.742,100,1112,139,103.392,10.684,5.143423554,10.28684711
53,15-1.jpg,18.219,121.398,108,126,117.029,23.766,6.238,100,850,150,109.231,4.111,2.408014943,4.816029885
54,15-1.jpg,12.196,123.197,115,126,64.868,23.986,6.898,100,471,202,83.157,2.516,1.970178691,3.940357382
55,15-1.jpg,6.774,122.978,118,126,176.397,22.94,3.896,100,1285,152,100.125,2.634,1.468315914,2.936631828
56,15-1.jpg,23.116,107.743,68,126,3.537,24.459,8.192,100,4,194,20.556,4.52,2.712396982,5.424793965
57,15-1.jpg,7.449,121.524,114,126,51.972,23.872,4.553,100,364,177,6.911,2.206,1.539734698,3.079469396
58,15-1.jpg,8.031,124.037,120,126,56.926,24.91,4.594,100,412,201,79.695,2.996,1.598754289,3.197508578
59,15-1.jpg,31.691,120.144,107,126,147.261,29.178,11.536,100,1080,168,94.086,4.249,3.175885829,6.351771657
60,15-1.jpg,2.533,124.674,122,126,162.192,23.775,2.794,100,1174,176,11.31,1.233,0.897872157,1.795744315
61,15-1.jpg,117.495,120.08,101,126,31.31,37.583,32.635,100,118,314,33.357,12.514,6.115142791,12.23028558
62,15-1.jpg,49.891,119.592,101,126,136.81,29.097,13.259,100,965,239,33.198,7.945,3.984813629,7.969627258
63,15-1.jpg,13.716,121.938,111,126,114.798,29.259,6.611,100,834,239,84.053,3.322,2.089347356,4.178694712
64,15-1.jpg,6.774,123.693,118,126,159.239,27.604,3.874,100,1149,204,8.13,2.437,1.468315914,2.936631828
65,15-1.jpg,45.125,109.217,78,126,125.309,29.694,9.557,100,886,199,152.7,6.356,3.789705981,7.579411961
66,15-1.jpg,13.303,123.772,118,126,48.349,29.41,6.932,100,336,231,37.776,4.131,2.057650951,4.115301901
67,15-1.jpg,1.651,125.148,124,126,9.009,28.207,2.617,100,65,216,83.991,0.822,0.724887225,1.449774451
68,15-1.jpg,1.651,124.92,123,126,68.874,28.955,2.036,100,500,204,109.654,1.096,0.724887225,1.449774451
69,15-1.jpg,10.958,122.33,118,126,1.997,30.517,4.858,100,4,207,139.574,3.835,1.867508373,3.735016746
70,15-1.jpg,3.34,120.691,111,126,33.061,29.454,2.526,100,232,216,12.529,1.918,1.031027248,2.062054496
71,15-1.jpg,7.562,120.603,108,126,72.843,30.766,4.13,100,529,239,84.289,2.693,1.55136949,3.10273898
72,15-1.jpg,48.015,117.648,83,126,98.332,34.489,14.472,100,670,260,17.063,7.089,3.909177372,7.818354744
73,15-1.jpg,0.244,126,126,126,110.61,29.498,0.738,100,805,214,158.199,0.411,0.27867103,0.55734206
74,15-1.jpg,232.026,118.21,90,126,59.896,40.13,25.471,100,349,256,169.778,20.18,8.593404129,17.18680826
75,15-1.jpg,57.978,117.407,91,126,170.738,36.664,19.584,100,1189,257,168.297,6.503,4.295646398,8.591292796
76,15-1.jpg,1.764,125.553,125,126,108.543,32.538,2.559,100,789,229,105.524,0.919,0.749283553,1.498567107
77,15-1.jpg,57.997,115.674,98,126,7.828,36.018,14.705,100,2,273,9.111,7.661,4.296350204,8.592700409
78,15-1.jpg,1.201,124.938,123,126,90.575,33.102,1.41,100,659,237,119.055,1.233,0.618256105,1.23651221
79,15-1.jpg,50.267,119.046,99,126,82.306,37.332,14.22,100,550,256,144.013,8.942,3.999801077,7.999602154
80,15-1.jpg,12.271,121.02,107,126,114.307,36.227,5.779,100,817,278,31.43,3.254,1.976227269,3.952454539
81,15-1.jpg,7.205,124.398,120,126,133.186,36.099,5.438,100,965,246,130.914,2.536,1.514306903,3.028613807
82,15-1.jpg,0.976,125.712,125,126,44.768,35.175,1.43,100,322,259,16.699,1.096,0.55734206,1.11468412
83,15-1.jpg,2.739,124.877,123,126,106.381,36.626,2.951,100,772,276,68.199,1.428,0.933668971,1.867337941
84,15-1.jpg,0.281,126,126,126,120.628,35.473,0.833,100,880,256,99.462,0.548,0.299054313,0.598108625
85,15-1.jpg,0.751,126,126,126,18.948,35.81,1.43,100,136,257,106.699,0.685,0.488896444,0.977792887
86,15-1.jpg,0.169,126,126,126,40.766,35.424,0.613,100,296,257,116.565,0.411,0.2319211,0.4638422
87,15-1.jpg,3.865,124.908,122,126,162.007,38.347,3.063,100,1183,269,100.305,1.644,1.109102435,2.21820487
88,15-1.jpg,3.058,124.331,121,126,104.417,38.953,2.635,100,752,287,27.897,1.671,0.986542161,1.973084323
89,15-1.jpg,34.975,109.761,67,126,128.45,40.989,11.461,100,897,284,155.273,4.412,3.336382013,6.672764027
90,15-1.jpg,252.496,118.051,69,126,155.249,49.673,45.491,100,990,279,147.793,20.935,8.964460561,17.92892112
91,15-1.jpg,19.063,122.475,112,126,110.499,41.822,7.583,100,806,279,110.072,4.566,2.463159491,4.926318982
92,15-1.jpg,35.613,119.853,102,126,119.856,43.417,13.111,100,836,298,152.632,4.887,3.366674965,6.733349929
93,15-1.jpg,25.03,124.678,119,126,42.3,44.48,11.382,100,280,294,129.629,4.061,2.822457002,5.644914003
94,15-1.jpg,18.838,121.278,110,126,81.164,44.79,7.974,100,587,293,94.927,4.158,2.448580046,4.897160091
95,15-1.jpg,56.533,121.668,108,126,99.535,45.574,18.943,100,662,299,155.659,5.643,4.241777908,8.483555816
96,15-1.jpg,1.557,125.482,125,126,97.673,41.015,2.5,100,704,298,170.538,0.685,0.703949032,1.407898064
97,15-1.jpg,23.022,107.355,75,126,4.032,42.992,8.573,100,3,302,167.074,4.211,2.706876455,5.413752909
98,15-1.jpg,0.113,126,126,126,164.329,41.048,0.494,100,1199,298,123.69,0.387,0.189642701,0.379285401
99,15-1.jpg,97.869,120.416,101,126,179.892,46.94,21.787,100,1231,358,1.441,8.998,5.5810959,11.1621918
100,15-1.jpg,94.041,115.937,91,126,8.438,51.538,16.452,100,7,401,39.256,11.792,5.470859089,10.94171818
101,15-1.jpg,23.567,112.021,81,126,72.393,46.945,7.509,100,513,365,51.667,4.462,2.738729,5.477458001
102,15-1.jpg,2.008,124.944,123,126,146.291,44.822,2.095,100,1068,335,78.69,1.451,0.799426911,1.598853822
103,15-1.jpg,8.256,122.798,116,126,135.936,45.244,4.843,100,974,324,151.26,2.828,1.620995286,3.241990571
104,15-1.jpg,2.908,124.871,122,126,88.595,44.842,2.635,100,637,328,8.973,1.507,0.962042173,1.924084347
105,15-1.jpg,1.632,124.402,122,126,5.119,46.383,1.828,100,36,345,77.005,1.233,0.72070409,1.441408181
106,15-1.jpg,1.313,124.7,122,126,36.922,46.729,1.802,100,268,335,98.746,0.959,0.646441565,1.292883129
107,15-1.jpg,1.126,125.783,125,126,86.552,46.689,1.482,100,626,342,33.69,1.151,0.598640514,1.197281027
108,15-1.jpg,29.496,111.552,82,126,31.008,49.479,6.894,100,223,388,69.044,6.007,3.063927411,6.127854821
109,15-1.jpg,0.113,126,126,126,127.664,46.733,0.565,100,930,341,165.964,0.274,0.189642701,0.379285401
110,15-1.jpg,19.326,114.312,81,126,132.778,49.826,8.396,100,943,351,151.763,3.859,2.480092604,4.960185208
111,15-1.jpg,36.87,112.855,75,126,113.621,53.687,11.634,100,833,434,77.764,6.303,3.425574984,6.851149968
112,15-1.jpg,30.19,121.265,103,126,81.829,52.613,9.351,100,585,417,58.173,7.526,3.099762829,6.199525659
113,15-1.jpg,3.828,122.902,117,126,48.822,50.786,2.89,100,355,361,95.44,2.055,1.103780899,2.207561797
114,15-1.jpg,29.702,121.255,104,126,122.249,52.709,12.173,100,858,411,19.047,6.429,3.074608026,6.149216052
115,15-1.jpg,150.049,118.325,95,126,96.816,59.296,19.369,100,647,492,53.049,16.625,6.910563506,13.82112701
116,15-1.jpg,1.145,125.393,124,126,19.111,50.661,1.531,100,134,369,169.695,1.096,0.603670082,1.207340165
117,15-1.jpg,3.265,124.552,122,126,106.581,52.551,3.721,100,777,370,96.34,1.233,1.019385619,2.038771238
118,15-1.jpg,48.991,120.831,107,126,36.67,54.891,18.715,100,205,439,19.231,6.721,3.948708384,7.897416767
119,15-1.jpg,19.27,122.187,111,126,186.711,53.665,6.932,100,1340,381,142.224,4.659,2.476496776,4.952993552
120,15-1.jpg,49.816,114.321,79,126,71.883,57.891,10.825,100,501,451,51.68,6.915,3.981817363,7.963634725
121,15-1.jpg,30.659,120.279,97,126,15.562,58.512,14.44,100,86,466,43.078,4.682,3.123747362,6.247494724
122,15-1.jpg,16.399,123.646,117,126,177.389,56.152,8.247,100,1263,408,175.236,3.879,2.284575908,4.569151816
123,15-1.jpg,0.751,125.675,125,126,172.357,54.566,1.17,100,1254,397,159.444,0.959,0.488896444,0.977792887
124,15-1.jpg,32.348,120.256,101,126,60.935,59.341,11.474,100,414,396,123.311,5.697,3.208637293,6.417274586
125,15-1.jpg,1.313,125.629,125,126,64.64,55.79,2.086,100,468,413,66.801,1.041,0.646441565,1.292883129
126,15-1.jpg,316.985,118.507,87,126,147.559,72.911,50.658,100,918,404,141.147,17.793,10.04422113,20.08844226
127,15-1.jpg,2.177,124.897,123,126,24.723,56.367,2.095,100,173,413,11.31,1.507,0.832388601,1.664777202
128,15-1.jpg,40.266,114.767,80,126,49.752,59.063,9.618,100,333,441,26.2,7.945,3.579860919,7.159721838
129,15-1.jpg,0.188,126,126,126,122.555,56.326,0.738,100,892,412,21.801,0.411,0.244610916,0.489221832
130,15-1.jpg,2.721,124.331,121,126,132.481,57.564,2.824,100,965,410,104.036,1.096,0.930595998,1.861191996
131,15-1.jpg,66.065,110.635,83,126,146.857,59.93,12.841,100,1028,441,11.07,7.608,4.585457043,9.170914086
132,15-1.jpg,34.487,116.708,93,126,3.891,62.114,12.027,100,6,416,127.131,4.595,3.313024276,6.626048552
133,15-1.jpg,24.674,122.768,115,126,160.524,60.346,9.569,100,1135,439,166.759,5.89,2.802313312,5.604626624
134,15-1.jpg,32.329,121.889,108,126,78.75,63.104,15.271,100,523,482,23.806,5.847,3.207694838,6.415389676
135,15-1.jpg,70.831,119.814,104,126,110.281,76.195,29.619,100,792,432,98.243,6.342,4.747976888,9.495953777
136,15-1.jpg,57.772,118.707,97,126,117.441,68.417,18.791,100,849,432,92.925,4.766,4.288008237,8.576016474
137,15-1.jpg,10.076,122.149,114,126,135.685,60.782,5.016,100,976,434,124.992,3.729,1.790774861,3.581549722
138,15-1.jpg,2.965,123.88,120,126,35.021,60.179,2.77,100,246,441,8.531,1.507,0.971424961,1.942849922
139,15-1.jpg,0.976,125.096,124,126,42.785,60.123,1.562,100,307,437,164.745,0.822,0.55734206,1.11468412
140,15-1.jpg,0.882,125.787,125,126,176.413,60.176,1.694,100,1282,441,14.036,0.685,0.529823482,1.059646963
141,15-1.jpg,0.019,126,126,126,139.376,60.065,0.194,100,1017,438,135,0.137,0.077763126,0.155526252
142,15-1.jpg,24.092,123.89,119,126,183.22,64.492,9.644,100,1310,453,168.53,5.274,2.76906619,5.538132379
143,15-1.jpg,6.942,124.881,122,126,22.623,62.589,5.576,100,149,469,27.824,2.254,1.486412039,2.972824079
144,15-1.jpg,0.901,126,126,126,191.319,61.877,2.126,100,1388,450,165.069,0.822,0.53549979,1.070999581
145,15-1.jpg,84.641,117.129,84,126,40.049,70.51,17.11,100,245,508,165.63,11.82,5.190238353,10.38047671
146,15-1.jpg,16.343,122.914,116,126,17.324,66.397,7.327,100,122,460,110.807,4.31,2.280671839,4.561343677
147,15-1.jpg,3.659,122.333,115,126,154.513,64.128,2.559,100,1119,470,15.524,2.055,1.079140804,2.158281609
148,15-1.jpg,8.275,121.558,113,126,0.988,69.276,9.636,100,4,463,95.711,1.775,1.622859458,3.245718916
149,15-1.jpg,16.943,122.181,111,126,28.014,66.541,7.638,100,184,496,32.55,4.041,2.3221596,4.6443192
150,15-1.jpg,1.539,124.902,123,126,45.601,64.001,2.095,100,326,465,168.69,0.959,0.699868133,1.399736267
151,15-1.jpg,0.113,126,126,126,58.764,63.946,0.565,100,427,466,165.964,0.274,0.189642701,0.379285401
152,15-1.jpg,4.334,124.688,121,126,64.111,65.419,3.106,100,458,471,138.576,2.301,1.174468473,2.348936946
153,15-1.jpg,36.701,110.897,79,126,59.234,69.696,10.656,100,414,473,133.958,6.551,3.41771511,6.835430221
154,15-1.jpg,13.885,122.281,114,126,50.385,67.71,6.589,100,348,479,159.305,4.472,2.102179767,4.204359533
155,15-1.jpg,18.726,122.821,115,126,12.414,69.934,10.149,100,60,487,148.241,2.713,2.441290264,4.882580528
156,15-1.jpg,132.581,113.874,71,126,95.283,73.761,20.937,100,625,553,22.706,13.317,6.495873439,12.99174688
157,15-1.jpg,59.667,121.314,109,126,71.894,73.49,13.066,100,485,503,119.521,9.071,4.357767051,8.715534102
158,15-1.jpg,0.281,126,126,126,22.615,69.763,0.866,100,162,508,161.565,0.411,0.299054313,0.598108625
159,15-1.jpg,78.843,121.407,99,126,8.328,76.696,17.913,100,4,546,164.476,11.636,5.009316591,10.01863318
160,15-1.jpg,7.749,124.935,122,126,80.556,74.146,6.041,100,588,514,93.9,3.154,1.570434184,3.140868368
161,15-1.jpg,60.549,121.965,109,126,60.62,78.092,19.68,100,379,537,155.754,5.094,4.389857241,8.779714482
162,15-1.jpg,44.9,111.726,92,126,25.185,77.617,10.274,100,158,545,137.161,6.662,3.780246153,7.560492307
163,15-1.jpg,1.951,125.529,124,126,178.232,76.105,2.259,100,1299,548,104.036,1.096,0.787998779,1.575997557
164,15-1.jpg,1.07,125.228,123,126,33.052,77.358,1.562,100,236,563,164.745,0.959,0.583564411,1.167128822
165,15-1.jpg,27.619,123.382,113,126,180.63,85.01,13.715,100,1326,661,87.138,5.684,2.964837429,5.929674858
166,15-1.jpg,0.357,126,126,126,50.715,77.361,0.919,100,367,566,26.565,0.548,0.337078473,0.674156946
167,15-1.jpg,25.743,122.644,115,126,78.982,82.123,8.904,100,557,625,59.49,6.445,2.862374722,5.724749445
168,15-1.jpg,72.463,120.228,94,126,127.239,88.059,27.827,100,865,573,132.406,8.178,4.802363889,9.604727777
169,15-1.jpg,147.554,120.936,95,126,44.312,88.866,33.231,100,211,678,4.018,15.95,6.852868579,13.70573716
170,15-1.jpg,5.31,123.004,117,126,48.257,80.883,4.255,100,334,594,3.691,2.329,1.300002448,2.600004896
171,15-1.jpg,10.245,122.844,118,126,103.954,82.479,5.053,100,742,611,32.829,3.003,1.805730323,3.611460646
172,15-1.jpg,0.694,126,126,126,7.01,81.812,1.562,100,50,592,105.255,0.548,0.469977043,0.939954087
173,15-1.jpg,18.538,121.158,110,126,55.615,83.447,9.054,100,374,604,162.387,3.274,2.429004663,4.858009326
174,15-1.jpg,33.23,122.834,114,126,71.285,87.348,10.181,100,502,666,66.194,6.775,3.252086438,6.504172876
175,15-1.jpg,97.719,118.709,90,126,139.806,90.855,26.688,100,938,603,148.431,8.503,5.576817296,11.15363459
176,15-1.jpg,2.496,123.15,118,126,30.765,83.357,2.296,100,222,601,107.354,1.507,0.891290341,1.782580682
177,15-1.jpg,17.619,118.576,108,126,27.197,85.844,7.905,100,177,608,152.103,3.495,2.36803184,4.736063679
178,15-1.jpg,1.801,125.365,124,126,88.61,84.559,2.5,100,646,608,99.462,0.959,0.757100906,1.514201813
179,15-1.jpg,6.023,120.277,108,126,18.821,85.071,3.256,100,136,609,104.621,2.466,1.384533095,2.76906619
180,15-1.jpg,102.766,117.194,88,126,3.331,94.271,21.784,100,3,610,91.081,7.534,5.719020272,11.43804054
181,15-1.jpg,16.849,116.165,98,126,9.541,87.416,6.802,100,63,610,115.017,3.974,2.315708953,4.631417907
182,15-1.jpg,8.894,123.633,118,126,99.309,85.802,5.901,100,703,620,158.199,2.54,1.682462806,3.364925613
183,15-1.jpg,9.344,122.886,116,126,50.813,86.728,6.064,100,350,621,161.565,2.983,1.7245005,3.449000999
184,15-1.jpg,11.202,121.166,111,126,92.263,87.667,5.455,100,651,633,151.504,3.585,1.888185655,3.77637131
185,15-1.jpg,18.97,122.441,111,126,64.498,89.164,10.296,100,442,630,130.684,4.994,2.457143809,4.914287618
186,15-1.jpg,5.629,125.317,123,126,16.283,87.953,4.332,100,109,629,124.695,2.075,1.338481996,2.676963993
187,15-1.jpg,3.734,123.482,119,126,106.573,86.895,3.435,100,766,633,175.426,1.507,1.090144496,2.180288992
188,15-1.jpg,65.033,118.461,88,126,25.262,97.203,20.848,100,149,632,119.091,8.094,4.54950141,9.09900282
189,15-1.jpg,74.434,116.01,96,126,119.794,92.776,12.815,100,865,632,100.469,8.63,4.867238063,9.734476127
190,15-1.jpg,80.569,116.871,84,126,82.504,93.384,14.44,100,562,720,43.078,11.546,5.063850742,10.12770148
191,15-1.jpg,7.336,124.061,120,126,96.223,89.957,4.487,100,688,665,31.264,2.639,1.528011318,3.056022635
192,15-1.jpg,3.922,123.871,119,126,18.903,90.837,2.526,100,135,655,102.529,2.192,1.117250877,2.234501754
193,15-1.jpg,109.183,115.569,94,126,103.882,97.622,14.799,100,762,661,91.591,12.054,5.894872568,11.78974514
194,15-1.jpg,1.764,125.67,125,126,13.354,92.497,1.976,100,93,670,146.31,1.411,0.749283553,1.498567107
195,15-1.jpg,1.595,125.176,123,126,112.575,92.737,2.365,100,820,669,100.008,1.096,0.712487506,1.424975013
196,15-1.jpg,13.997,124.15,119,126,15.807,96.517,8.148,100,108,737,73.393,3.542,2.110641101,4.221282201
197,15-1.jpg,54.563,119.987,100,126,47.901,99.246,21.617,100,278,697,160.761,6.84,4.167216174,8.334432348
198,15-1.jpg,5.892,123.516,118,126,70.169,94.421,4.057,100,497,693,11.689,2.166,1.369393552,2.738787105
199,15-1.jpg,28.051,118.619,96,126,114.103,100.869,10.414,100,821,692,91.507,6.748,2.987934575,5.97586915
200,15-1.jpg,60.305,119.223,100,126,68.207,99.741,19.363,100,434,703,161.437,6.25,4.381003202,8.762006403
201,15-1.jpg,5.798,122.984,118,126,34.752,97.265,3.627,100,253,698,100.886,2.414,1.358426093,2.716852187
202,15-1.jpg,0.563,126,126,126,92.812,96.515,0.997,100,676,701,105.945,0.822,0.423302767,0.846605533
203,15-1.jpg,3.79,122.054,114,126,128.397,98.233,2.66,100,935,726,78.111,2.055,1.098288698,2.196577397
204,15-1.jpg,21.728,109.071,76,126,177.437,99.763,7.76,100,1271,715,159.326,4.104,2.629703509,5.259407019
205,15-1.jpg,3.171,124.645,122,126,90.723,98.655,2.5,100,653,717,170.538,2.034,1.004604295,2.00920859
206,15-1.jpg,20.396,123.891,117,126,168.111,101.706,8.945,100,1202,764,49.97,3.655,2.547823924,5.095647848
207,15-1.jpg,29.552,119.726,95,126,7.485,106.276,14.728,100,3,793,43.493,6.502,3.06683456,6.133669121
208,15-1.jpg,17.45,122.363,113,126,36.712,102.576,6.273,100,252,766,58.392,4.805,2.356647491,4.713294982
209,15-1.jpg,2.383,125.378,124,126,139.734,100.335,2.599,100,1010,730,161.565,1.37,0.870881231,1.741762462
210,15-1.jpg,64.32,115.318,88,126,129.958,106.198,14.143,100,900,776,8.915,9.416,4.524493072,9.048986143
211,15-1.jpg,5.591,124.993,122,126,160.359,103.75,4.659,100,1169,740,91.685,2.055,1.333956464,2.667912928
212,15-1.jpg,22.328,117.852,94,126,185.493,104.053,10.801,100,1321,758,167.55,4.423,2.665764753,5.331529506
213,15-1.jpg,9.644,118.189,102,126,120.504,103.59,4.553,100,877,742,96.911,3.128,1.751965342,3.503930684
214,15-1.jpg,13.828,120.225,108,126,19.737,104.547,4.713,100,136,747,125.538,4.191,2.097860448,4.195720896
215,15-1.jpg,130.498,112.897,79,126,86.702,111.238,21.068,100,593,754,126.274,14.408,6.444642597,12.88928519
216,15-1.jpg,68.317,116.718,81,126,171.84,115.19,23.306,100,1251,921,87.642,6.574,4.662955846,9.325911693
217,15-1.jpg,4.015,124.776,122,126,61.863,104.265,4.031,100,436,759,170.218,1.492,1.130419614,2.260839228
218,15-1.jpg,4.522,124.365,121,126,150.368,106.057,3.572,100,1097,761,94.399,2.055,1.199671077,2.399342155
219,15-1.jpg,58.485,121.831,109,126,61.171,110.209,14.093,100,409,831,25.32,10.889,4.314387577,8.628775154
220,15-1.jpg,3.49,123.446,118,126,42.857,106.087,2.427,100,304,776,16.39,2.083,1.053924798,2.107849596
221,15-1.jpg,3.753,124.04,120,126,52.763,106.126,2.794,100,375,773,168.69,2.022,1.09291451,2.18582902
222,15-1.jpg,0.957,125.824,125,126,158.572,105.945,1.349,100,1155,778,66.038,1.096,0.551890449,1.103780899
223,15-1.jpg,7.637,121.98,115,126,177.616,106.139,6.052,100,1276,776,5.194,1.644,1.559043759,3.118087517
224,15-1.jpg,5.929,124.358,120,126,164.149,108.886,5.506,100,1197,810,84.289,2.538,1.373686515,2.747373029
225,15-1.jpg,2.871,125.366,124,126,48.778,106.377,3.017,100,345,774,177.397,1.781,0.955902299,1.911804597
226,15-1.jpg,27.694,113.043,83,126,37.559,110.872,10.033,100,267,778,94.699,4.383,2.96886024,5.937720481
227,15-1.jpg,0.019,126,126,126,72.667,106.638,0.194,100,530,778,135,0.137,0.077763126,0.155526252
228,15-1.jpg,50.942,121.739,98,126,28.174,113.863,14.575,100,163,866,53.022,9.548,4.026566773,8.053133545
229,15-1.jpg,26.081,113.334,74,126,107.879,110.764,9.287,100,756,786,127.208,6.349,2.881104622,5.762209245
230,15-1.jpg,48.991,112.089,90,126,14.598,112.062,13.343,100,56,832,19.179,6.849,3.948708384,7.897416767
231,15-1.jpg,115.337,113.679,81,126,116.931,116.883,16.35,100,787,856,171.327,14.045,6.058724922,12.11744984
232,15-1.jpg,161.926,117.237,84,126,74.956,124.142,28.511,100,528,792,107.042,11.928,7.178855365,14.35771073
233,15-1.jpg,37.845,121.824,109,126,45.682,113.084,10.935,100,327,871,77.705,6.435,3.470572845,6.941145691
234,15-1.jpg,56.158,112.419,88,126,99.577,115.102,12.592,100,718,793,112.38,6.809,4.227686021,8.455372041
235,15-1.jpg,32.141,111.113,84,126,133.903,111.939,8.835,100,965,849,60.255,6.164,3.198354526,6.396709052
236,15-1.jpg,2.327,124.363,121,126,23.049,109.951,1.994,100,161,801,164.055,1.647,0.860587634,1.721175268
237,15-1.jpg,1.895,125.079,123,126,53.148,109.84,2.073,100,381,803,7.595,1.37,0.776607386,1.553214773
238,15-1.jpg,35.631,124.302,117,126,159.002,114.48,13.186,100,1123,799,145.154,8.353,3.367525672,6.735051345
239,15-1.jpg,0.206,126,126,126,161.454,110.013,0.997,100,1175,804,15.945,0.274,0.256053384,0.512106768
240,15-1.jpg,0.056,126,126,126,160.653,110.108,0.387,100,1172,805,45,0.274,0.133502969,0.267005937
241,15-1.jpg,2.195,125.658,124,126,93.686,111.636,2.469,100,676,810,146.31,1.394,0.835822719,1.671645439
242,15-1.jpg,0.15,126,126,126,148.485,111.706,0.565,100,1082,815,165.964,0.411,0.218495521,0.436991043
243,15-1.jpg,0.15,126,126,126,168.347,111.912,0.613,100,1228,815,116.565,0.274,0.218495521,0.436991043
244,15-1.jpg,1.539,125.756,125,126,152.431,112.947,2.259,100,1111,816,104.036,0.959,0.699868133,1.399736267
245,15-1.jpg,26.756,115.393,97,126,2.312,116.102,11.643,100,3,899,61.928,6.301,2.91814927,5.83629854
246,15-1.jpg,4.278,122.952,119,126,89.609,113.61,3.857,100,641,828,173.884,1.54,1.166856097,2.333712194
247,15-1.jpg,0.319,126,126,126,52.765,113.672,0.866,100,384,827,108.435,0.548,0.3186341,0.637268199
248,15-1.jpg,71.169,114.381,89,126,147.967,121.472,12.707,100,1067,929,78.811,8.804,4.759291893,9.518583787
249,15-1.jpg,0.488,125.923,125,126,130.636,115.737,0.919,100,952,842,116.565,0.822,0.39410035,0.7882007
250,15-1.jpg,5.573,123.29,118,126,62.766,117.968,3.761,100,457,848,100.491,2.105,1.331807423,2.663614846
251,15-1.jpg,137.028,116.097,79,126,56.045,125.967,21.19,100,369,853,120.71,10.872,6.603916435,13.20783287
252,15-1.jpg,1.745,125.57,124,126,34.556,117.72,2.036,100,245,856,132.274,1.422,0.745237371,1.490474743
253,15-1.jpg,28.558,110.147,77,126,178.346,120.517,7.76,100,1284,854,110.674,6.157,3.01481595,6.0296319
254,15-1.jpg,1.032,125.691,125,126,167.504,117.492,1.961,100,1215,859,12.095,0.685,0.573108379,1.146216759
255,15-1.jpg,13.678,121.145,108,126,10.382,119.994,5.076,100,79,857,93.094,4.086,2.086451094,4.172902188
256,15-1.jpg,0.038,126,126,126,165.676,117.528,0.306,100,1209,857,116.565,0.137,0.109973667,0.219947335
257,15-1.jpg,1.051,125.375,124,126,20.73,119.541,1.531,100,146,875,26.565,0.959,0.578360025,1.15672005
258,15-1.jpg,0.225,126,126,126,126.226,119.434,0.969,100,918,871,171.87,0.274,0.267601269,0.535202538
259,15-1.jpg,17.281,120.919,113,126,35.709,122.371,6.413,100,254,921,70.017,4.428,2.34520788,4.69041576
260,15-1.jpg,5.554,124.351,119,126,17.871,121.32,5.185,100,109,889,12.2,1.934,1.329535223,2.659070445
261,15-1.jpg,7.186,122.896,117,126,41.524,121.531,4.166,100,288,884,170.538,2.362,1.512308928,3.024617856
262,15-1.jpg,3.415,125.022,123,126,163.438,121.378,3.721,100,1177,887,6.34,1.618,1.042538888,2.085077776
263,15-1.jpg,127.383,116.421,83,126,22.335,129.035,20.716,100,95,985,28.429,10.726,6.367260907,12.73452181
264,15-1.jpg,1.595,125.506,124,126,64.763,121.756,2.635,100,471,880,98.973,0.959,0.712487506,1.424975013
265,15-1.jpg,8.256,122.032,112,126,185.782,121.562,6.202,100,1335,884,173.66,1.906,1.620995286,3.241990571
266,15-1.jpg,9.55,125.21,123,126,158.353,122.704,5.781,100,1138,884,143.673,2.578,1.743406237,3.486812475
267,15-1.jpg,49.197,111.289,74,126,101.378,128.683,14.794,100,703,975,53.661,6.119,3.957001546,7.914003092
268,15-1.jpg,13.022,116.284,101,126,97.374,124.288,4.771,100,698,895,140.826,4.086,2.035803024,4.071606048
269,15-1.jpg,0.826,126,126,126,15.812,123.085,1.666,100,110,900,9.462,0.685,0.51272788,1.02545576
270,15-1.jpg,50.173,115.205,96,126,90.588,128.103,12.055,100,630,905,126.219,7.847,3.996059485,7.99211897
271,15-1.jpg,48.409,119.331,103,126,7.824,131.224,14.347,100,34,1004,79.548,7.785,3.925183507,7.850367014
272,15-1.jpg,29.815,120.996,102,126,1.502,131.183,16.577,100,3,903,90.947,3.602,3.080451082,6.160902163
273,15-1.jpg,2.402,123.18,118,126,44.559,125.089,2.126,100,317,913,165.069,1.644,0.874346168,1.748692337
274,15-1.jpg,6.323,124.585,121,126,164.692,126.921,4.665,100,1199,945,86.634,2.603,1.418595247,2.837190495
275,15-1.jpg,1.726,125.576,124,126,156.253,126.841,2.209,100,1140,933,82.875,1.286,0.741169101,1.482338201
276,15-1.jpg,4.165,124.757,122,126,160.239,128.186,4.255,100,1170,917,93.691,1.918,1.151342172,2.302684344
277,15-1.jpg,44.75,111.294,82,126,188.198,130.188,10.222,100,1337,964,32.412,7.297,3.773926428,7.547852857
278,15-1.jpg,2.852,119.914,109,126,46.749,127.279,2.329,100,337,922,118.072,1.781,0.952734014,1.905468027
279,15-1.jpg,146.128,117.336,88,126,176.278,136.786,21.099,100,1216,1000,1.116,16.907,6.819674238,13.63934848
280,15-1.jpg,97.175,113.573,76,126,42.532,133.258,17.461,100,260,942,160.286,10.052,5.561272608,11.12254522
281,15-1.jpg,1.895,124.525,122,126,128.598,130.811,1.908,100,935,961,68.962,1.37,0.776607386,1.553214773
282,15-1.jpg,10.826,123.603,119,126,155.509,131.896,4.864,100,1116,970,32.347,3.792,1.856226297,3.712452594
283,15-1.jpg,60.342,120.469,102,126,152.284,137.65,25.682,100,1009,994,168.93,7.605,4.382346973,8.764693946
284,15-1.jpg,14.41,123.312,116,126,162.854,134.474,6.42,100,1184,961,123.69,4.449,2.14155336,4.283106721
285,15-1.jpg,214.82,117.001,86,126,57.381,142.669,48.964,100,237,1024,177.114,17.838,8.26864346,16.53728692
286,15-1.jpg,4.147,123.552,118,126,148.95,132.896,3.358,100,1078,967,168.232,2.118,1.148851584,2.297703168
287,15-1.jpg,7.918,122.5,117,126,126.365,133.646,4.713,100,908,965,144.462,2.77,1.587466826,3.174933652
288,15-1.jpg,3.133,124.491,121,126,132.406,133.14,2.296,100,959,974,17.354,2.066,0.998566764,1.997133528
289,15-1.jpg,179.188,113.708,66,126,115.32,143.79,27.139,100,742,1098,26.048,18.694,7.551815494,15.10363099
290,15-1.jpg,0.638,126,126,126,86.691,134.84,2.209,100,632,977,97.125,0.411,0.450616665,0.90123333
291,15-1.jpg,1.464,125.436,124,126,23.48,134.891,2.213,100,166,989,21.801,1.233,0.68260183,1.365203659
292,15-1.jpg,13.453,123.775,119,126,30.91,137.194,8.823,100,196,1013,27.759,3.241,2.069219111,4.138438221
293,15-1.jpg,0.056,126,126,126,138.508,134.764,0.387,100,1010,983,135,0.274,0.133502969,0.267005937
294,15-1.jpg,8.687,121.333,110,126,104.993,137.205,5.098,100,752,1014,30.7,2.982,1.662768622,3.325537244
295,15-1.jpg,20.977,114.513,89,126,90.778,138.692,7.946,100,636,995,144.118,3.962,2.583857739,5.167715478
296,15-1.jpg,16.793,124.755,120,126,134.015,139.796,10.4,100,947,1010,167.062,3.782,2.31185746,4.623714919
297,15-1.jpg,77.229,114.115,85,126,6.1,145.236,19.612,100,6,1118,41.035,8.814,4.95777845,9.915556899
298,15-1.jpg,35.369,118.332,101,126,98.357,143.053,10.855,100,688,1071,42.955,5.575,3.355121872,6.710243744
299,15-1.jpg,5.31,121.339,111,126,148.351,140.879,2.928,100,1082,1040,79.216,2.615,1.300002448,2.600004896
300,15-1.jpg,260.639,116.687,91,126,24.829,152.735,25.347,100,179,1030,91.239,20.696,9.10786553,18.21573106
301,15-1.jpg,2.702,124.694,122,126,144.532,142.331,2.392,100,1047,1037,166.759,1.644,0.927341257,1.854682515
302,15-1.jpg,64.996,112.952,84,126,86.142,146.557,10.489,100,594,1047,139.236,9.303,4.548207025,9.09641405
303,15-1.jpg,0.525,125.643,125,126,120.365,142.277,1.043,100,875,1040,23.199,0.685,0.408767691,0.817535381
304,15-1.jpg,7.618,121.741,112,126,138.753,144.309,3.721,100,1009,1068,83.66,3.11,1.557103188,3.114206376
305,15-1.jpg,6.774,123.086,116,126,147.862,144.1,3.994,100,1065,1052,174.094,2.583,1.468315914,2.936631828
306,15-1.jpg,289.084,117.208,88,126,156.018,154.026,38.553,100,1001,1139,3.259,18.015,9.591994859,19.18398972
307,15-1.jpg,49.085,122.998,110,126,131.624,155.562,22.197,100,951,1206,88.586,7.214,3.952494801,7.904989601
308,15-1.jpg,48.146,115.916,95,126,184.637,149.016,14.911,100,1287,1096,23.268,8.944,3.914506472,7.829012943
309,15-1.jpg,86.817,115.576,93,126,72.078,153.945,17.221,100,500,1175,65.066,10.179,5.25653181,10.51306362
310,15-1.jpg,1.145,124.951,123,126,36.934,146.326,1.43,100,269,1063,106.699,1.216,0.603670082,1.207340165
311,15-1.jpg,77.06,119.07,97,126,7.935,158.138,22.02,100,3,1206,60.565,12.489,4.952350932,9.904701865
312,15-1.jpg,2.327,125.194,123,126,66.471,147.922,2.28,100,479,1085,57.265,1.558,0.860587634,1.721175268
313,15-1.jpg,27.995,120.251,105,126,44.892,151.972,9.129,100,312,1074,117.719,5.257,2.984950583,5.969901165
314,15-1.jpg,0.976,125.538,124,126,20.913,148.164,1.349,100,148,1080,156.038,0.959,0.55734206,1.11468412
315,15-1.jpg,2.27,125.14,123,126,39.103,149.483,2.635,100,282,1081,117.897,1.45,0.849982214,1.699964428
316,15-1.jpg,39.534,122.507,107,126,60.91,155.949,14.825,100,412,1172,54.401,6.267,3.547172335,7.094344669
317,15-1.jpg,1.989,125.104,123,126,174.771,150.148,2.392,100,1269,1099,13.241,1.37,0.795635773,1.591271545
318,15-1.jpg,35.725,110.121,82,126,96.815,154.008,7.978,100,705,1095,105.945,6.845,3.371964769,6.743929538
319,15-1.jpg,57.659,118.697,100,126,124.801,159.853,21.449,100,870,1241,61.798,5.611,4.283812588,8.567625175
320,15-1.jpg,58.56,111.102,75,126,113.083,157.535,14.495,100,785,1115,149.315,7.098,4.317153033,8.634306066
321,15-1.jpg,48.165,121.079,108,126,84.774,159.399,13.948,100,588,1115,128.22,8.393,3.915278792,7.830557584
322,15-1.jpg,10.976,123.632,114,126,90.654,155.825,5.522,100,659,1158,82.875,3.116,1.869041562,3.738083123
323,15-1.jpg,2.402,123.516,120,126,0.902,155.837,2.77,100,4,1148,81.469,1.096,0.874346168,1.748692337
324,15-1.jpg,50.679,114.582,92,126,183.445,158.061,16.236,100,1282,1169,9.224,5.943,4.016159276,8.032318551
325,15-1.jpg,17.938,118.213,93,126,49.098,157.864,6.894,100,335,1168,20.956,3.956,2.389372822,4.778745644
326,15-1.jpg,6.398,120.695,110,126,104.447,159.239,3.896,100,761,1147,100.125,2.626,1.42698375,2.8539675
327,15-1.jpg,92.728,120.878,102,126,50.331,163.256,35.487,100,222,1198,1.327,6.668,5.432532786,10.86506557
328,15-1.jpg,72.895,119.572,101,126,103.748,166.495,24.058,100,679,1178,149.931,7.814,4.816657655,9.633315309
329,15-1.jpg,0.563,126,126,126,107.478,161.585,1.531,100,779,1179,169.695,0.548,0.423302767,0.846605533
330,15-1.jpg,71.469,120.198,104,126,159.063,165.728,27.554,100,1079,1251,17.354,6.544,4.76931231,9.53862462
331,15-1.jpg,22.084,116.184,94,126,75.686,163.899,9.886,100,514,1197,3.972,3.794,2.651159025,5.30231805
332,15-1.jpg,9.063,121.636,111,126,112.06,163.922,6.461,100,796,1191,158.875,2.295,1.698372306,3.396744613
333,15-1.jpg,38.971,118.967,99,126,141.998,164.87,15.357,100,982,1192,177.444,5.342,3.521824291,7.043648583
334,15-1.jpg,309.893,117.515,78,126,167.719,174.903,40.272,100,1082,1320,22.815,17.398,9.931224348,19.8624487
335,15-1.jpg,1.689,124.111,121,126,68.847,165.416,1.828,100,496,1208,12.995,1.37,0.733181899,1.466363798
336,15-1.jpg,0.056,126,126,126,11.027,166.361,0.433,100,80,1213,108.435,0.137,0.133502969,0.267005937
337,15-1.jpg,97.343,118.574,103,126,6.004,171.992,14.652,100,4,1297,41.589,11.184,5.566077807,11.13215561
338,15-1.jpg,67.135,116.356,89,126,35.391,170.6,17.708,100,204,1293,34.919,7.948,4.622441316,9.244882631
339,15-1.jpg,153.764,118.309,93,126,87.514,172.298,47.562,100,472,1234,170.049,8.747,6.995588316,13.99117663
340,15-1.jpg,74.865,119.38,95,126,22.643,179.42,24.01,100,115,1377,56.401,11.077,4.881309265,9.76261853
341,15-1.jpg,19.214,123.166,113,126,15.803,171.75,8.634,100,109,1226,91.818,4.241,2.47289572,4.945791439
342,15-1.jpg,12.29,122.008,110,126,49.774,169.831,6.589,100,340,1234,159.305,3.042,1.977756639,3.955513278
343,15-1.jpg,2.927,123.532,119,126,144.266,169.246,2.296,100,1051,1228,107.354,1.84,0.965179904,1.930359808
344,15-1.jpg,12.008,119.38,107,126,117.019,170.581,4.493,100,846,1231,127.569,3.97,1.954934672,3.909869345
345,15-1.jpg,129.991,118.495,94,126,132.409,175.317,18.206,100,902,1294,13.932,12.771,6.432111319,12.86422264
346,15-1.jpg,3.209,124.158,121,126,58.806,170.926,2.296,100,422,1246,162.646,2.034,1.010605758,2.021211515
347,15-1.jpg,18.425,123.34,116,126,45.689,176.427,10.059,100,327,1254,96.254,4.021,2.421590242,4.843180484
348,15-1.jpg,5.704,123.862,121,126,144.543,175.533,5.076,100,1054,1261,93.094,1.507,1.347369363,2.694738727
349,15-1.jpg,0.788,125.881,125,126,120.329,173.233,1.43,100,874,1266,16.699,0.822,0.500795039,1.001590079
350,15-1.jpg,28.67,121.977,109,126,58.303,175.461,11.31,100,383,1276,168.826,4.218,3.020721983,6.041443966
351,15-1.jpg,12.046,121.38,108,126,117.178,175.452,5.755,100,850,1305,51.766,4.165,1.95802548,3.91605096
352,15-1.jpg,15.686,122.894,117,126,80.103,175.746,9.169,100,547,1276,166.171,3.318,2.234359316,4.468718632
353,15-1.jpg,0.6,125.656,125,126,41.171,174.93,1.397,100,296,1276,168.69,0.548,0.436991043,0.873982085
354,15-1.jpg,34.918,120.22,108,126,73.226,179.381,14.432,100,492,1291,163.457,5.643,3.333662195,6.667324389
355,15-1.jpg,19.795,115.938,92,126,36.985,178.23,8.194,100,245,1320,38.211,3.627,2.51000544,5.020010879
356,15-1.jpg,8.687,120.836,112,126,86.784,177.965,4.109,100,629,1284,126.87,3.082,1.662768622,3.325537244
357,15-1.jpg,9.832,121.75,111,126,49.922,177.771,5.433,100,349,1309,33.69,2.629,1.768959315,3.537918631
358,15-1.jpg,40.998,119.633,104,126,104.291,181.4,15.522,100,702,1304,156.602,4.594,3.612253705,7.22450741
359,15-1.jpg,21.277,123.507,115,126,12.891,184.469,11.37,100,79,1374,68.07,4.48,2.60226851,5.204537021
360,15-1.jpg,4.803,124.172,122,126,11.325,179.784,3.13,100,79,1324,66.801,1.988,1.236383507,2.472767013
361,15-1.jpg,19.495,120.324,98,126,115.196,181.053,10.773,100,809,1334,11.739,3.885,2.490912829,4.981825658
362,15-1.jpg,23.398,116.332,90,126,94.318,182.023,11.216,100,652,1312,151.557,3.224,2.728891559,5.457783118
363,15-1.jpg,41.936,116.079,94,126,62.977,182.545,11.488,100,424,1316,140.807,7.044,3.653342688,7.306685376
364,15-1.jpg,22.422,119.401,106,126,40.143,185.441,8.229,100,296,1324,92.862,5.906,2.671370242,5.342740484
365,15-1.jpg,10.714,113.483,89,126,172.629,183.22,4.779,100,1249,1348,27.3,3.671,1.846599572,3.693199145
366,15-1.jpg,16.53,118.438,100,126,123.203,185.21,5.813,100,893,1328,124.439,4.549,2.293682687,4.587365373
367,15-1.jpg,0.15,126,126,126,28.834,182.73,0.565,100,210,1332,104.036,0.411,0.218495521,0.436991043
368,15-1.jpg,32.066,117.45,97,126,77.741,185.18,10.849,100,543,1386,37.304,6.473,3.194620717,6.389241435
369,15-1.jpg,1.82,124.897,123,126,118.446,184.534,1.733,100,863,1341,108.435,1.453,0.76108402,1.522168041
370,15-1.jpg,16.699,108.088,86,126,113.65,189.064,5.953,100,810,1372,156.975,3.736,2.305377987,4.610755974
